"","Kingdom","Phylum","Class","Order","Family","Genus","Species"
"OTU1000","k__Bacteria","p__Acidobacteria","c__Subgroup_6","o__","f__","g__","s__"
"OTU1007","k__Bacteria","p__Acidobacteria","c__Subgroup_6","o__","f__","g__","s__"
"OTU1009","k__Bacteria","p__Acidobacteria","c__Subgroup_6","o__","f__","g__","s__"
"OTU10161","k__Bacteria","p__Acidobacteria","c__Subgroup_6","o__","f__","g__","s__"
"OTU1041","k__Bacteria","p__Acidobacteria","c__Subgroup_6","o__","f__","g__","s__"
"OTU1046","k__Bacteria","p__Acidobacteria","c__Subgroup_6","o__","f__","g__","s__"
"OTU1069","k__Bacteria","p__Acidobacteria","c__Subgroup_6","o__","f__","g__","s__"
"OTU10763","k__Bacteria","p__Acidobacteria","c__Subgroup_6","o__","f__","g__","s__"
"OTU10869","k__Bacteria","p__Acidobacteria","c__Subgroup_6","o__","f__","g__","s__"
"OTU1099","k__Bacteria","p__Acidobacteria","c__Subgroup_6","o__","f__","g__","s__"
"OTU111","k__Bacteria","p__Acidobacteria","c__Subgroup_6","o__","f__","g__","s__"
"OTU1116","k__Bacteria","p__Acidobacteria","c__Subgroup_6","o__","f__","g__","s__"
"OTU1121","k__Bacteria","p__Acidobacteria","c__Subgroup_6","o__","f__","g__","s__"
"OTU11335","k__Bacteria","p__Acidobacteria","c__Subgroup_6","o__","f__","g__","s__"
"OTU1152","k__Bacteria","p__Acidobacteria","c__Subgroup_6","o__","f__","g__","s__"
"OTU1174","k__Bacteria","p__Acidobacteria","c__Subgroup_6","o__","f__","g__","s__"
"OTU1176","k__Bacteria","p__Acidobacteria","c__Subgroup_6","o__","f__","g__","s__"
"OTU11773","k__Bacteria","p__Acidobacteria","c__Subgroup_6","o__","f__","g__","s__"
"OTU1183","k__Bacteria","p__Acidobacteria","c__Subgroup_6","o__","f__","g__","s__"
"OTU11894","k__Bacteria","p__Acidobacteria","c__Subgroup_6","o__","f__","g__","s__"
"OTU119","k__Bacteria","p__Acidobacteria","c__Subgroup_6","o__","f__","g__","s__"
"OTU1205","k__Bacteria","p__Acidobacteria","c__Subgroup_6","o__","f__","g__","s__"
"OTU1221","k__Bacteria","p__Acidobacteria","c__Subgroup_6","o__","f__","g__","s__"
"OTU1228","k__Bacteria","p__Acidobacteria","c__Subgroup_6","o__","f__","g__","s__"
"OTU12457","k__Bacteria","p__Acidobacteria","c__Subgroup_6","o__","f__","g__","s__"
"OTU1297","k__Bacteria","p__Acidobacteria","c__Subgroup_6","o__","f__","g__","s__"
"OTU13067","k__Bacteria","p__Acidobacteria","c__Subgroup_6","o__","f__","g__","s__"
"OTU1331","k__Bacteria","p__Acidobacteria","c__Subgroup_6","o__","f__","g__","s__"
"OTU1332","k__Bacteria","p__Acidobacteria","c__Subgroup_6","o__","f__","g__","s__"
"OTU1351","k__Bacteria","p__Acidobacteria","c__Subgroup_6","o__","f__","g__","s__"
"OTU13603","k__Bacteria","p__Acidobacteria","c__Subgroup_6","o__","f__","g__","s__"
"OTU13681","k__Bacteria","p__Acidobacteria","c__Subgroup_6","o__","f__","g__","s__"
"OTU1389","k__Bacteria","p__Acidobacteria","c__Subgroup_6","o__","f__","g__","s__"
"OTU1482","k__Bacteria","p__Acidobacteria","c__Subgroup_6","o__","f__","g__","s__"
"OTU15091","k__Bacteria","p__Acidobacteria","c__Subgroup_6","o__","f__","g__","s__"
"OTU151","k__Bacteria","p__Acidobacteria","c__Subgroup_6","o__","f__","g__","s__"
"OTU1525","k__Bacteria","p__Acidobacteria","c__Subgroup_6","o__","f__","g__","s__"
"OTU154","k__Bacteria","p__Acidobacteria","c__Subgroup_6","o__","f__","g__","s__"
"OTU15409","k__Bacteria","p__Acidobacteria","c__Subgroup_6","o__","f__","g__","s__"
"OTU15634","k__Bacteria","p__Acidobacteria","c__Subgroup_6","o__","f__","g__","s__"
"OTU1581","k__Bacteria","p__Acidobacteria","c__Subgroup_6","o__","f__","g__","s__"
"OTU1584","k__Bacteria","p__Acidobacteria","c__Subgroup_6","o__","f__","g__","s__"
"OTU15912","k__Bacteria","p__Acidobacteria","c__Subgroup_6","o__","f__","g__","s__"
"OTU16087","k__Bacteria","p__Acidobacteria","c__Subgroup_6","o__","f__","g__","s__"
"OTU16468","k__Bacteria","p__Acidobacteria","c__Subgroup_6","o__","f__","g__","s__"
"OTU16519","k__Bacteria","p__Acidobacteria","c__Subgroup_6","o__","f__","g__","s__"
"OTU16534","k__Bacteria","p__Acidobacteria","c__Subgroup_6","o__","f__","g__","s__"
"OTU16581","k__Bacteria","p__Acidobacteria","c__Subgroup_6","o__","f__","g__","s__"
"OTU168","k__Bacteria","p__Acidobacteria","c__Subgroup_6","o__","f__","g__","s__"
"OTU1683","k__Bacteria","p__Acidobacteria","c__Subgroup_6","o__","f__","g__","s__"
"OTU17081","k__Bacteria","p__Acidobacteria","c__Subgroup_6","o__","f__","g__","s__"
"OTU17264","k__Bacteria","p__Acidobacteria","c__Subgroup_6","o__","f__","g__","s__"
"OTU17511","k__Bacteria","p__Acidobacteria","c__Subgroup_6","o__","f__","g__","s__"
"OTU178","k__Bacteria","p__Acidobacteria","c__Subgroup_6","o__","f__","g__","s__"
"OTU179","k__Bacteria","p__Acidobacteria","c__Subgroup_6","o__","f__","g__","s__"
"OTU1847","k__Bacteria","p__Acidobacteria","c__Subgroup_6","o__","f__","g__","s__"
"OTU19096","k__Bacteria","p__Acidobacteria","c__Subgroup_6","o__","f__","g__","s__"
"OTU19520","k__Bacteria","p__Acidobacteria","c__Subgroup_6","o__","f__","g__","s__"
"OTU1955","k__Bacteria","p__Acidobacteria","c__Subgroup_6","o__","f__","g__","s__"
"OTU196","k__Bacteria","p__Acidobacteria","c__Subgroup_6","o__","f__","g__","s__"
"OTU19717","k__Bacteria","p__Acidobacteria","c__Subgroup_6","o__","f__","g__","s__"
"OTU1991","k__Bacteria","p__Acidobacteria","c__Subgroup_6","o__","f__","g__","s__"
"OTU19971","k__Bacteria","p__Acidobacteria","c__Subgroup_6","o__","f__","g__","s__"
"OTU201","k__Bacteria","p__Acidobacteria","c__Subgroup_6","o__","f__","g__","s__"
"OTU2026","k__Bacteria","p__Acidobacteria","c__Subgroup_6","o__","f__","g__","s__"
"OTU20519","k__Bacteria","p__Acidobacteria","c__Subgroup_6","o__","f__","g__","s__"
"OTU2058","k__Bacteria","p__Acidobacteria","c__Subgroup_6","o__","f__","g__","s__"
"OTU2069","k__Bacteria","p__Acidobacteria","c__Subgroup_6","o__","f__","g__","s__"
"OTU208","k__Bacteria","p__Acidobacteria","c__Subgroup_6","o__","f__","g__","s__"
"OTU210","k__Bacteria","p__Acidobacteria","c__Subgroup_6","o__","f__","g__","s__"
"OTU2128","k__Bacteria","p__Acidobacteria","c__Subgroup_6","o__","f__","g__","s__"
"OTU214","k__Bacteria","p__Acidobacteria","c__Subgroup_6","o__","f__","g__","s__"
"OTU21801","k__Bacteria","p__Acidobacteria","c__Subgroup_6","o__","f__","g__","s__"
"OTU2184","k__Bacteria","p__Acidobacteria","c__Subgroup_6","o__","f__","g__","s__"
"OTU219","k__Bacteria","p__Acidobacteria","c__Subgroup_6","o__","f__","g__","s__"
"OTU2193","k__Bacteria","p__Acidobacteria","c__Subgroup_6","o__","f__","g__","s__"
"OTU22177","k__Bacteria","p__Acidobacteria","c__Subgroup_6","o__","f__","g__","s__"
"OTU22304","k__Bacteria","p__Acidobacteria","c__Subgroup_6","o__","f__","g__","s__"
"OTU22496","k__Bacteria","p__Acidobacteria","c__Subgroup_6","o__","f__","g__","s__"
"OTU2257","k__Bacteria","p__Acidobacteria","c__Subgroup_6","o__","f__","g__","s__"
"OTU2258","k__Bacteria","p__Acidobacteria","c__Subgroup_6","o__","f__","g__","s__"
"OTU2332","k__Bacteria","p__Acidobacteria","c__Subgroup_6","o__","f__","g__","s__"
"OTU23576","k__Bacteria","p__Acidobacteria","c__Subgroup_6","o__","f__","g__","s__"
"OTU2367","k__Bacteria","p__Acidobacteria","c__Subgroup_6","o__","f__","g__","s__"
"OTU23779","k__Bacteria","p__Acidobacteria","c__Subgroup_6","o__","f__","g__","s__"
"OTU2396","k__Bacteria","p__Acidobacteria","c__Subgroup_6","o__","f__","g__","s__"
"OTU23975","k__Bacteria","p__Acidobacteria","c__Subgroup_6","o__","f__","g__","s__"
"OTU24009","k__Bacteria","p__Acidobacteria","c__Subgroup_6","o__","f__","g__","s__"
"OTU2456","k__Bacteria","p__Acidobacteria","c__Subgroup_6","o__","f__","g__","s__"
"OTU24561","k__Bacteria","p__Acidobacteria","c__Subgroup_6","o__","f__","g__","s__"
"OTU25024","k__Bacteria","p__Acidobacteria","c__Subgroup_6","o__","f__","g__","s__"
"OTU25244","k__Bacteria","p__Acidobacteria","c__Subgroup_6","o__","f__","g__","s__"
"OTU25438","k__Bacteria","p__Acidobacteria","c__Subgroup_6","o__","f__","g__","s__"
"OTU256","k__Bacteria","p__Acidobacteria","c__Subgroup_6","o__","f__","g__","s__"
"OTU25680","k__Bacteria","p__Acidobacteria","c__Subgroup_6","o__","f__","g__","s__"
"OTU26076","k__Bacteria","p__Acidobacteria","c__Subgroup_6","o__","f__","g__","s__"
"OTU261","k__Bacteria","p__Acidobacteria","c__Subgroup_6","o__","f__","g__","s__"
"OTU2628","k__Bacteria","p__Acidobacteria","c__Subgroup_6","o__","f__","g__","s__"
"OTU265","k__Bacteria","p__Acidobacteria","c__Subgroup_6","o__","f__","g__","s__"
"OTU2658","k__Bacteria","p__Acidobacteria","c__Subgroup_6","o__","f__","g__","s__"
"OTU27000","k__Bacteria","p__Acidobacteria","c__Subgroup_6","o__","f__","g__","s__"
"OTU27183","k__Bacteria","p__Acidobacteria","c__Subgroup_6","o__","f__","g__","s__"
"OTU27242","k__Bacteria","p__Acidobacteria","c__Subgroup_6","o__","f__","g__","s__"
"OTU2732","k__Bacteria","p__Acidobacteria","c__Subgroup_6","o__","f__","g__","s__"
"OTU27482","k__Bacteria","p__Acidobacteria","c__Subgroup_6","o__","f__","g__","s__"
"OTU2762","k__Bacteria","p__Acidobacteria","c__Subgroup_6","o__","f__","g__","s__"
"OTU27721","k__Bacteria","p__Acidobacteria","c__Subgroup_6","o__","f__","g__","s__"
"OTU27913","k__Bacteria","p__Acidobacteria","c__Subgroup_6","o__","f__","g__","s__"
"OTU282","k__Bacteria","p__Acidobacteria","c__Subgroup_6","o__","f__","g__","s__"
"OTU28273","k__Bacteria","p__Acidobacteria","c__Subgroup_6","o__","f__","g__","s__"
"OTU2844","k__Bacteria","p__Acidobacteria","c__Subgroup_6","o__","f__","g__","s__"
"OTU28656","k__Bacteria","p__Acidobacteria","c__Subgroup_6","o__","f__","g__","s__"
"OTU289","k__Bacteria","p__Acidobacteria","c__Subgroup_6","o__","f__","g__","s__"
"OTU28931","k__Bacteria","p__Acidobacteria","c__Subgroup_6","o__","f__","g__","s__"
"OTU28960","k__Bacteria","p__Acidobacteria","c__Subgroup_6","o__","f__","g__","s__"
"OTU29056","k__Bacteria","p__Acidobacteria","c__Subgroup_6","o__","f__","g__","s__"
"OTU30094","k__Bacteria","p__Acidobacteria","c__Subgroup_6","o__","f__","g__","s__"
"OTU30196","k__Bacteria","p__Acidobacteria","c__Subgroup_6","o__","f__","g__","s__"
"OTU3039","k__Bacteria","p__Acidobacteria","c__Subgroup_6","o__","f__","g__","s__"
"OTU304","k__Bacteria","p__Acidobacteria","c__Subgroup_6","o__","f__","g__","s__"
"OTU3053","k__Bacteria","p__Acidobacteria","c__Subgroup_6","o__","f__","g__","s__"
"OTU30730","k__Bacteria","p__Acidobacteria","c__Subgroup_6","o__","f__","g__","s__"
"OTU3084","k__Bacteria","p__Acidobacteria","c__Subgroup_6","o__","f__","g__","s__"
"OTU3090","k__Bacteria","p__Acidobacteria","c__Subgroup_6","o__","f__","g__","s__"
"OTU30972","k__Bacteria","p__Acidobacteria","c__Subgroup_6","o__","f__","g__","s__"
"OTU3101","k__Bacteria","p__Acidobacteria","c__Subgroup_6","o__","f__","g__","s__"
"OTU31050","k__Bacteria","p__Acidobacteria","c__Subgroup_6","o__","f__","g__","s__"
"OTU31122","k__Bacteria","p__Acidobacteria","c__Subgroup_6","o__","f__","g__","s__"
"OTU312","k__Bacteria","p__Acidobacteria","c__Subgroup_6","o__","f__","g__","s__"
"OTU31284","k__Bacteria","p__Acidobacteria","c__Subgroup_6","o__","f__","g__","s__"
"OTU31623","k__Bacteria","p__Acidobacteria","c__Subgroup_6","o__","f__","g__","s__"
"OTU3170","k__Bacteria","p__Acidobacteria","c__Subgroup_6","o__","f__","g__","s__"
"OTU31710","k__Bacteria","p__Acidobacteria","c__Subgroup_6","o__","f__","g__","s__"
"OTU3201","k__Bacteria","p__Acidobacteria","c__Subgroup_6","o__","f__","g__","s__"
"OTU3224","k__Bacteria","p__Acidobacteria","c__Subgroup_6","o__","f__","g__","s__"
"OTU32461","k__Bacteria","p__Acidobacteria","c__Subgroup_6","o__","f__","g__","s__"
"OTU3280","k__Bacteria","p__Acidobacteria","c__Subgroup_6","o__","f__","g__","s__"
"OTU3288","k__Bacteria","p__Acidobacteria","c__Subgroup_6","o__","f__","g__","s__"
"OTU3292","k__Bacteria","p__Acidobacteria","c__Subgroup_6","o__","f__","g__","s__"
"OTU330","k__Bacteria","p__Acidobacteria","c__Subgroup_6","o__","f__","g__","s__"
"OTU33301","k__Bacteria","p__Acidobacteria","c__Subgroup_6","o__","f__","g__","s__"
"OTU33397","k__Bacteria","p__Acidobacteria","c__Subgroup_6","o__","f__","g__","s__"
"OTU3354","k__Bacteria","p__Acidobacteria","c__Subgroup_6","o__","f__","g__","s__"
"OTU3362","k__Bacteria","p__Acidobacteria","c__Subgroup_6","o__","f__","g__","s__"
"OTU3369","k__Bacteria","p__Acidobacteria","c__Subgroup_6","o__","f__","g__","s__"
"OTU33728","k__Bacteria","p__Acidobacteria","c__Subgroup_6","o__","f__","g__","s__"
"OTU3396","k__Bacteria","p__Acidobacteria","c__Subgroup_6","o__","f__","g__","s__"
"OTU342","k__Bacteria","p__Acidobacteria","c__Subgroup_6","o__","f__","g__","s__"
"OTU34208","k__Bacteria","p__Acidobacteria","c__Subgroup_6","o__","f__","g__","s__"
"OTU35598","k__Bacteria","p__Acidobacteria","c__Subgroup_6","o__","f__","g__","s__"
"OTU35694","k__Bacteria","p__Acidobacteria","c__Subgroup_6","o__","f__","g__","s__"
"OTU35816","k__Bacteria","p__Acidobacteria","c__Subgroup_6","o__","f__","g__","s__"
"OTU37055","k__Bacteria","p__Acidobacteria","c__Subgroup_6","o__","f__","g__","s__"
"OTU37141","k__Bacteria","p__Acidobacteria","c__Subgroup_6","o__","f__","g__","s__"
"OTU37191","k__Bacteria","p__Acidobacteria","c__Subgroup_6","o__","f__","g__","s__"
"OTU37345","k__Bacteria","p__Acidobacteria","c__Subgroup_6","o__","f__","g__","s__"
"OTU377","k__Bacteria","p__Acidobacteria","c__Subgroup_6","o__","f__","g__","s__"
"OTU38263","k__Bacteria","p__Acidobacteria","c__Subgroup_6","o__","f__","g__","s__"
"OTU384","k__Bacteria","p__Acidobacteria","c__Subgroup_6","o__","f__","g__","s__"
"OTU3870","k__Bacteria","p__Acidobacteria","c__Subgroup_6","o__","f__","g__","s__"
"OTU3932","k__Bacteria","p__Acidobacteria","c__Subgroup_6","o__","f__","g__","s__"
"OTU3940","k__Bacteria","p__Acidobacteria","c__Subgroup_6","o__","f__","g__","s__"
"OTU39455","k__Bacteria","p__Acidobacteria","c__Subgroup_6","o__","f__","g__","s__"
"OTU39797","k__Bacteria","p__Acidobacteria","c__Subgroup_6","o__","f__","g__","s__"
"OTU39906","k__Bacteria","p__Acidobacteria","c__Subgroup_6","o__","f__","g__","s__"
"OTU40705","k__Bacteria","p__Acidobacteria","c__Subgroup_6","o__","f__","g__","s__"
"OTU4087","k__Bacteria","p__Acidobacteria","c__Subgroup_6","o__","f__","g__","s__"
"OTU41333","k__Bacteria","p__Acidobacteria","c__Subgroup_6","o__","f__","g__","s__"
"OTU41539","k__Bacteria","p__Acidobacteria","c__Subgroup_6","o__","f__","g__","s__"
"OTU4171","k__Bacteria","p__Acidobacteria","c__Subgroup_6","o__","f__","g__","s__"
"OTU41976","k__Bacteria","p__Acidobacteria","c__Subgroup_6","o__","f__","g__","s__"
"OTU42115","k__Bacteria","p__Acidobacteria","c__Subgroup_6","o__","f__","g__","s__"
"OTU42261","k__Bacteria","p__Acidobacteria","c__Subgroup_6","o__","f__","g__","s__"
"OTU435","k__Bacteria","p__Acidobacteria","c__Subgroup_6","o__","f__","g__","s__"
"OTU43672","k__Bacteria","p__Acidobacteria","c__Subgroup_6","o__","f__","g__","s__"
"OTU44133","k__Bacteria","p__Acidobacteria","c__Subgroup_6","o__","f__","g__","s__"
"OTU4428","k__Bacteria","p__Acidobacteria","c__Subgroup_6","o__","f__","g__","s__"
"OTU44333","k__Bacteria","p__Acidobacteria","c__Subgroup_6","o__","f__","g__","s__"
"OTU4469","k__Bacteria","p__Acidobacteria","c__Subgroup_6","o__","f__","g__","s__"
"OTU4528","k__Bacteria","p__Acidobacteria","c__Subgroup_6","o__","f__","g__","s__"
"OTU4555","k__Bacteria","p__Acidobacteria","c__Subgroup_6","o__","f__","g__","s__"
"OTU4608","k__Bacteria","p__Acidobacteria","c__Subgroup_6","o__","f__","g__","s__"
"OTU4636","k__Bacteria","p__Acidobacteria","c__Subgroup_6","o__","f__","g__","s__"
"OTU464","k__Bacteria","p__Acidobacteria","c__Subgroup_6","o__","f__","g__","s__"
"OTU465","k__Bacteria","p__Acidobacteria","c__Subgroup_6","o__","f__","g__","s__"
"OTU4758","k__Bacteria","p__Acidobacteria","c__Subgroup_6","o__","f__","g__","s__"
"OTU49","k__Bacteria","p__Acidobacteria","c__Subgroup_6","o__","f__","g__","s__"
"OTU495","k__Bacteria","p__Acidobacteria","c__Subgroup_6","o__","f__","g__","s__"
"OTU501","k__Bacteria","p__Acidobacteria","c__Subgroup_6","o__","f__","g__","s__"
"OTU502","k__Bacteria","p__Acidobacteria","c__Subgroup_6","o__","f__","g__","s__"
"OTU505","k__Bacteria","p__Acidobacteria","c__Subgroup_6","o__","f__","g__","s__"
"OTU515","k__Bacteria","p__Acidobacteria","c__Subgroup_6","o__","f__","g__","s__"
"OTU527","k__Bacteria","p__Acidobacteria","c__Subgroup_6","o__","f__","g__","s__"
"OTU5367","k__Bacteria","p__Acidobacteria","c__Subgroup_6","o__","f__","g__","s__"
"OTU543","k__Bacteria","p__Acidobacteria","c__Subgroup_6","o__","f__","g__","s__"
"OTU544","k__Bacteria","p__Acidobacteria","c__Subgroup_6","o__","f__","g__","s__"
"OTU5537","k__Bacteria","p__Acidobacteria","c__Subgroup_6","o__","f__","g__","s__"
"OTU566","k__Bacteria","p__Acidobacteria","c__Subgroup_6","o__","f__","g__","s__"
"OTU570","k__Bacteria","p__Acidobacteria","c__Subgroup_6","o__","f__","g__","s__"
"OTU575","k__Bacteria","p__Acidobacteria","c__Subgroup_6","o__","f__","g__","s__"
"OTU5952","k__Bacteria","p__Acidobacteria","c__Subgroup_6","o__","f__","g__","s__"
"OTU6019","k__Bacteria","p__Acidobacteria","c__Subgroup_6","o__","f__","g__","s__"
"OTU6092","k__Bacteria","p__Acidobacteria","c__Subgroup_6","o__","f__","g__","s__"
"OTU620","k__Bacteria","p__Acidobacteria","c__Subgroup_6","o__","f__","g__","s__"
"OTU6219","k__Bacteria","p__Acidobacteria","c__Subgroup_6","o__","f__","g__","s__"
"OTU630","k__Bacteria","p__Acidobacteria","c__Subgroup_6","o__","f__","g__","s__"
"OTU650","k__Bacteria","p__Acidobacteria","c__Subgroup_6","o__","f__","g__","s__"
"OTU665","k__Bacteria","p__Acidobacteria","c__Subgroup_6","o__","f__","g__","s__"
"OTU669","k__Bacteria","p__Acidobacteria","c__Subgroup_6","o__","f__","g__","s__"
"OTU6718","k__Bacteria","p__Acidobacteria","c__Subgroup_6","o__","f__","g__","s__"
"OTU6920","k__Bacteria","p__Acidobacteria","c__Subgroup_6","o__","f__","g__","s__"
"OTU693","k__Bacteria","p__Acidobacteria","c__Subgroup_6","o__","f__","g__","s__"
"OTU6935","k__Bacteria","p__Acidobacteria","c__Subgroup_6","o__","f__","g__","s__"
"OTU694","k__Bacteria","p__Acidobacteria","c__Subgroup_6","o__","f__","g__","s__"
"OTU696","k__Bacteria","p__Acidobacteria","c__Subgroup_6","o__","f__","g__","s__"
"OTU709","k__Bacteria","p__Acidobacteria","c__Subgroup_6","o__","f__","g__","s__"
"OTU722","k__Bacteria","p__Acidobacteria","c__Subgroup_6","o__","f__","g__","s__"
"OTU7264","k__Bacteria","p__Acidobacteria","c__Subgroup_6","o__","f__","g__","s__"
"OTU732","k__Bacteria","p__Acidobacteria","c__Subgroup_6","o__","f__","g__","s__"
"OTU734","k__Bacteria","p__Acidobacteria","c__Subgroup_6","o__","f__","g__","s__"
"OTU757","k__Bacteria","p__Acidobacteria","c__Subgroup_6","o__","f__","g__","s__"
"OTU767","k__Bacteria","p__Acidobacteria","c__Subgroup_6","o__","f__","g__","s__"
"OTU7750","k__Bacteria","p__Acidobacteria","c__Subgroup_6","o__","f__","g__","s__"
"OTU782","k__Bacteria","p__Acidobacteria","c__Subgroup_6","o__","f__","g__","s__"
"OTU798","k__Bacteria","p__Acidobacteria","c__Subgroup_6","o__","f__","g__","s__"
"OTU815","k__Bacteria","p__Acidobacteria","c__Subgroup_6","o__","f__","g__","s__"
"OTU820","k__Bacteria","p__Acidobacteria","c__Subgroup_6","o__","f__","g__","s__"
"OTU825","k__Bacteria","p__Acidobacteria","c__Subgroup_6","o__","f__","g__","s__"
"OTU826","k__Bacteria","p__Acidobacteria","c__Subgroup_6","o__","f__","g__","s__"
"OTU827","k__Bacteria","p__Acidobacteria","c__Subgroup_6","o__","f__","g__","s__"
"OTU87","k__Bacteria","p__Acidobacteria","c__Subgroup_6","o__","f__","g__","s__"
"OTU872","k__Bacteria","p__Acidobacteria","c__Subgroup_6","o__","f__","g__","s__"
"OTU8757","k__Bacteria","p__Acidobacteria","c__Subgroup_6","o__","f__","g__","s__"
"OTU876","k__Bacteria","p__Acidobacteria","c__Subgroup_6","o__","f__","g__","s__"
"OTU878","k__Bacteria","p__Acidobacteria","c__Subgroup_6","o__","f__","g__","s__"
"OTU8829","k__Bacteria","p__Acidobacteria","c__Subgroup_6","o__","f__","g__","s__"
"OTU89","k__Bacteria","p__Acidobacteria","c__Subgroup_6","o__","f__","g__","s__"
"OTU891","k__Bacteria","p__Acidobacteria","c__Subgroup_6","o__","f__","g__","s__"
"OTU8954","k__Bacteria","p__Acidobacteria","c__Subgroup_6","o__","f__","g__","s__"
"OTU9003","k__Bacteria","p__Acidobacteria","c__Subgroup_6","o__","f__","g__","s__"
"OTU914","k__Bacteria","p__Acidobacteria","c__Subgroup_6","o__","f__","g__","s__"
"OTU9346","k__Bacteria","p__Acidobacteria","c__Subgroup_6","o__","f__","g__","s__"
"OTU946","k__Bacteria","p__Acidobacteria","c__Subgroup_6","o__","f__","g__","s__"
"OTU957","k__Bacteria","p__Acidobacteria","c__Subgroup_6","o__","f__","g__","s__"
"OTU961","k__Bacteria","p__Acidobacteria","c__Subgroup_6","o__","f__","g__","s__"
"OTU98","k__Bacteria","p__Acidobacteria","c__Subgroup_6","o__","f__","g__","s__"
"OTU1","k__Bacteria","p__Proteobacteria","c__Gammaproteobacteria","o__Enterobacteriales","f__Enterobacteriaceae","g__Pantoea","s__"
"OTU10101","k__Bacteria","p__Proteobacteria","c__Gammaproteobacteria","o__Pseudomonadales","f__Pseudomonadaceae","g__Pseudomonas","s__"
"OTU18","k__Bacteria","p__Proteobacteria","c__Gammaproteobacteria","o__Pseudomonadales","f__Pseudomonadaceae","g__Pseudomonas","s__"
"OTU250","k__Bacteria","p__Proteobacteria","c__Gammaproteobacteria","o__Pseudomonadales","f__Pseudomonadaceae","g__Pseudomonas","s__Pseudomonas_sp"
"OTU4","k__Bacteria","p__Proteobacteria","c__Gammaproteobacteria","o__Pseudomonadales","f__Pseudomonadaceae","g__Pseudomonas","s__"
"OTU415","k__Bacteria","p__Proteobacteria","c__Gammaproteobacteria","o__Pseudomonadales","f__Pseudomonadaceae","g__Pseudomonas","s__"
"OTU42976","k__Bacteria","p__Proteobacteria","c__Gammaproteobacteria","o__Pseudomonadales","f__Pseudomonadaceae","g__Pseudomonas","s__"
"OTU6410","k__Bacteria","p__Proteobacteria","c__Gammaproteobacteria","o__Pseudomonadales","f__Pseudomonadaceae","g__Pseudomonas","s__"
"OTU7","k__Bacteria","p__Proteobacteria","c__Gammaproteobacteria","o__Pseudomonadales","f__Pseudomonadaceae","g__Pseudomonas","s__"
"OTU811","k__Bacteria","p__Proteobacteria","c__Gammaproteobacteria","o__Pseudomonadales","f__Pseudomonadaceae","g__Pseudomonas","s__"
"OTU1002","k__Bacteria","p__Gemmatimonadetes","c__Gemmatimonadetes","o__Gemmatimonadales","f__Gemmatimonadaceae","g__","s__"
"OTU1071","k__Bacteria","p__Gemmatimonadetes","c__Gemmatimonadetes","o__Gemmatimonadales","f__Gemmatimonadaceae","g__","s__"
"OTU11403","k__Bacteria","p__Gemmatimonadetes","c__Gemmatimonadetes","o__Gemmatimonadales","f__Gemmatimonadaceae","g__","s__"
"OTU1145","k__Bacteria","p__Gemmatimonadetes","c__Gemmatimonadetes","o__Gemmatimonadales","f__Gemmatimonadaceae","g__","s__"
"OTU1156","k__Bacteria","p__Gemmatimonadetes","c__Gemmatimonadetes","o__Gemmatimonadales","f__Gemmatimonadaceae","g__","s__"
"OTU1172","k__Bacteria","p__Gemmatimonadetes","c__Gemmatimonadetes","o__Gemmatimonadales","f__Gemmatimonadaceae","g__","s__"
"OTU1173","k__Bacteria","p__Gemmatimonadetes","c__Gemmatimonadetes","o__Gemmatimonadales","f__Gemmatimonadaceae","g__","s__"
"OTU1197","k__Bacteria","p__Gemmatimonadetes","c__Gemmatimonadetes","o__Gemmatimonadales","f__Gemmatimonadaceae","g__","s__"
"OTU1277","k__Bacteria","p__Gemmatimonadetes","c__Gemmatimonadetes","o__Gemmatimonadales","f__Gemmatimonadaceae","g__","s__"
"OTU12875","k__Bacteria","p__Gemmatimonadetes","c__Gemmatimonadetes","o__Gemmatimonadales","f__Gemmatimonadaceae","g__","s__"
"OTU1323","k__Bacteria","p__Gemmatimonadetes","c__Gemmatimonadetes","o__Gemmatimonadales","f__Gemmatimonadaceae","g__","s__"
"OTU1358","k__Bacteria","p__Gemmatimonadetes","c__Gemmatimonadetes","o__Gemmatimonadales","f__Gemmatimonadaceae","g__","s__"
"OTU1359","k__Bacteria","p__Gemmatimonadetes","c__Gemmatimonadetes","o__Gemmatimonadales","f__Gemmatimonadaceae","g__","s__"
"OTU1372","k__Bacteria","p__Gemmatimonadetes","c__Gemmatimonadetes","o__Gemmatimonadales","f__Gemmatimonadaceae","g__","s__"
"OTU1383","k__Bacteria","p__Gemmatimonadetes","c__Gemmatimonadetes","o__Gemmatimonadales","f__Gemmatimonadaceae","g__","s__"
"OTU1393","k__Bacteria","p__Gemmatimonadetes","c__Gemmatimonadetes","o__Gemmatimonadales","f__Gemmatimonadaceae","g__","s__"
"OTU1412","k__Bacteria","p__Gemmatimonadetes","c__Gemmatimonadetes","o__Gemmatimonadales","f__Gemmatimonadaceae","g__","s__"
"OTU1436","k__Bacteria","p__Gemmatimonadetes","c__Gemmatimonadetes","o__Gemmatimonadales","f__Gemmatimonadaceae","g__","s__"
"OTU14395","k__Bacteria","p__Gemmatimonadetes","c__Gemmatimonadetes","o__Gemmatimonadales","f__Gemmatimonadaceae","g__","s__"
"OTU1459","k__Bacteria","p__Gemmatimonadetes","c__Gemmatimonadetes","o__Gemmatimonadales","f__Gemmatimonadaceae","g__","s__"
"OTU14638","k__Bacteria","p__Gemmatimonadetes","c__Gemmatimonadetes","o__Gemmatimonadales","f__Gemmatimonadaceae","g__","s__"
"OTU1471","k__Bacteria","p__Gemmatimonadetes","c__Gemmatimonadetes","o__Gemmatimonadales","f__Gemmatimonadaceae","g__","s__"
"OTU1495","k__Bacteria","p__Gemmatimonadetes","c__Gemmatimonadetes","o__Gemmatimonadales","f__Gemmatimonadaceae","g__","s__"
"OTU152","k__Bacteria","p__Gemmatimonadetes","c__Gemmatimonadetes","o__Gemmatimonadales","f__Gemmatimonadaceae","g__","s__"
"OTU1572","k__Bacteria","p__Gemmatimonadetes","c__Gemmatimonadetes","o__Gemmatimonadales","f__Gemmatimonadaceae","g__","s__"
"OTU17206","k__Bacteria","p__Gemmatimonadetes","c__Gemmatimonadetes","o__Gemmatimonadales","f__Gemmatimonadaceae","g__","s__"
"OTU1994","k__Bacteria","p__Gemmatimonadetes","c__Gemmatimonadetes","o__Gemmatimonadales","f__Gemmatimonadaceae","g__","s__"
"OTU216","k__Bacteria","p__Gemmatimonadetes","c__Gemmatimonadetes","o__Gemmatimonadales","f__Gemmatimonadaceae","g__","s__"
"OTU22483","k__Bacteria","p__Gemmatimonadetes","c__Gemmatimonadetes","o__Gemmatimonadales","f__Gemmatimonadaceae","g__","s__"
"OTU235","k__Bacteria","p__Gemmatimonadetes","c__Gemmatimonadetes","o__Gemmatimonadales","f__Gemmatimonadaceae","g__","s__"
"OTU246","k__Bacteria","p__Gemmatimonadetes","c__Gemmatimonadetes","o__Gemmatimonadales","f__Gemmatimonadaceae","g__","s__"
"OTU27636","k__Bacteria","p__Gemmatimonadetes","c__Gemmatimonadetes","o__Gemmatimonadales","f__Gemmatimonadaceae","g__","s__"
"OTU30192","k__Bacteria","p__Gemmatimonadetes","c__Gemmatimonadetes","o__Gemmatimonadales","f__Gemmatimonadaceae","g__","s__"
"OTU309","k__Bacteria","p__Gemmatimonadetes","c__Gemmatimonadetes","o__Gemmatimonadales","f__Gemmatimonadaceae","g__","s__"
"OTU3100","k__Bacteria","p__Gemmatimonadetes","c__Gemmatimonadetes","o__Gemmatimonadales","f__Gemmatimonadaceae","g__","s__"
"OTU313","k__Bacteria","p__Gemmatimonadetes","c__Gemmatimonadetes","o__Gemmatimonadales","f__Gemmatimonadaceae","g__","s__"
"OTU327","k__Bacteria","p__Gemmatimonadetes","c__Gemmatimonadetes","o__Gemmatimonadales","f__Gemmatimonadaceae","g__","s__"
"OTU34298","k__Bacteria","p__Gemmatimonadetes","c__Gemmatimonadetes","o__Gemmatimonadales","f__Gemmatimonadaceae","g__","s__"
"OTU35","k__Bacteria","p__Gemmatimonadetes","c__Gemmatimonadetes","o__Gemmatimonadales","f__Gemmatimonadaceae","g__","s__"
"OTU351","k__Bacteria","p__Gemmatimonadetes","c__Gemmatimonadetes","o__Gemmatimonadales","f__Gemmatimonadaceae","g__","s__"
"OTU3555","k__Bacteria","p__Gemmatimonadetes","c__Gemmatimonadetes","o__Gemmatimonadales","f__Gemmatimonadaceae","g__","s__"
"OTU379","k__Bacteria","p__Gemmatimonadetes","c__Gemmatimonadetes","o__Gemmatimonadales","f__Gemmatimonadaceae","g__","s__"
"OTU3794","k__Bacteria","p__Gemmatimonadetes","c__Gemmatimonadetes","o__Gemmatimonadales","f__Gemmatimonadaceae","g__","s__"
"OTU380","k__Bacteria","p__Gemmatimonadetes","c__Gemmatimonadetes","o__Gemmatimonadales","f__Gemmatimonadaceae","g__","s__"
"OTU3910","k__Bacteria","p__Gemmatimonadetes","c__Gemmatimonadetes","o__Gemmatimonadales","f__Gemmatimonadaceae","g__","s__"
"OTU399","k__Bacteria","p__Gemmatimonadetes","c__Gemmatimonadetes","o__Gemmatimonadales","f__Gemmatimonadaceae","g__","s__"
"OTU402","k__Bacteria","p__Gemmatimonadetes","c__Gemmatimonadetes","o__Gemmatimonadales","f__Gemmatimonadaceae","g__","s__"
"OTU409","k__Bacteria","p__Gemmatimonadetes","c__Gemmatimonadetes","o__Gemmatimonadales","f__Gemmatimonadaceae","g__","s__"
"OTU419","k__Bacteria","p__Gemmatimonadetes","c__Gemmatimonadetes","o__Gemmatimonadales","f__Gemmatimonadaceae","g__","s__"
"OTU42159","k__Bacteria","p__Gemmatimonadetes","c__Gemmatimonadetes","o__Gemmatimonadales","f__Gemmatimonadaceae","g__","s__"
"OTU429","k__Bacteria","p__Gemmatimonadetes","c__Gemmatimonadetes","o__Gemmatimonadales","f__Gemmatimonadaceae","g__","s__"
"OTU4378","k__Bacteria","p__Gemmatimonadetes","c__Gemmatimonadetes","o__Gemmatimonadales","f__Gemmatimonadaceae","g__","s__"
"OTU463","k__Bacteria","p__Gemmatimonadetes","c__Gemmatimonadetes","o__Gemmatimonadales","f__Gemmatimonadaceae","g__","s__"
"OTU512","k__Bacteria","p__Gemmatimonadetes","c__Gemmatimonadetes","o__Gemmatimonadales","f__Gemmatimonadaceae","g__","s__"
"OTU5224","k__Bacteria","p__Gemmatimonadetes","c__Gemmatimonadetes","o__Gemmatimonadales","f__Gemmatimonadaceae","g__","s__"
"OTU576","k__Bacteria","p__Gemmatimonadetes","c__Gemmatimonadetes","o__Gemmatimonadales","f__Gemmatimonadaceae","g__","s__"
"OTU5860","k__Bacteria","p__Gemmatimonadetes","c__Gemmatimonadetes","o__Gemmatimonadales","f__Gemmatimonadaceae","g__","s__"
"OTU610","k__Bacteria","p__Gemmatimonadetes","c__Gemmatimonadetes","o__Gemmatimonadales","f__Gemmatimonadaceae","g__","s__"
"OTU647","k__Bacteria","p__Gemmatimonadetes","c__Gemmatimonadetes","o__Gemmatimonadales","f__Gemmatimonadaceae","g__","s__"
"OTU671","k__Bacteria","p__Gemmatimonadetes","c__Gemmatimonadetes","o__Gemmatimonadales","f__Gemmatimonadaceae","g__","s__"
"OTU740","k__Bacteria","p__Gemmatimonadetes","c__Gemmatimonadetes","o__Gemmatimonadales","f__Gemmatimonadaceae","g__","s__"
"OTU752","k__Bacteria","p__Gemmatimonadetes","c__Gemmatimonadetes","o__Gemmatimonadales","f__Gemmatimonadaceae","g__","s__"
"OTU761","k__Bacteria","p__Gemmatimonadetes","c__Gemmatimonadetes","o__Gemmatimonadales","f__Gemmatimonadaceae","g__","s__"
"OTU775","k__Bacteria","p__Gemmatimonadetes","c__Gemmatimonadetes","o__Gemmatimonadales","f__Gemmatimonadaceae","g__","s__"
"OTU779","k__Bacteria","p__Gemmatimonadetes","c__Gemmatimonadetes","o__Gemmatimonadales","f__Gemmatimonadaceae","g__","s__"
"OTU808","k__Bacteria","p__Gemmatimonadetes","c__Gemmatimonadetes","o__Gemmatimonadales","f__Gemmatimonadaceae","g__","s__"
"OTU836","k__Bacteria","p__Gemmatimonadetes","c__Gemmatimonadetes","o__Gemmatimonadales","f__Gemmatimonadaceae","g__","s__"
"OTU840","k__Bacteria","p__Gemmatimonadetes","c__Gemmatimonadetes","o__Gemmatimonadales","f__Gemmatimonadaceae","g__","s__"
"OTU846","k__Bacteria","p__Gemmatimonadetes","c__Gemmatimonadetes","o__Gemmatimonadales","f__Gemmatimonadaceae","g__","s__"
"OTU911","k__Bacteria","p__Gemmatimonadetes","c__Gemmatimonadetes","o__Gemmatimonadales","f__Gemmatimonadaceae","g__","s__"
"OTU928","k__Bacteria","p__Gemmatimonadetes","c__Gemmatimonadetes","o__Gemmatimonadales","f__Gemmatimonadaceae","g__","s__"
"OTU960","k__Bacteria","p__Gemmatimonadetes","c__Gemmatimonadetes","o__Gemmatimonadales","f__Gemmatimonadaceae","g__","s__"
"OTU964","k__Bacteria","p__Gemmatimonadetes","c__Gemmatimonadetes","o__Gemmatimonadales","f__Gemmatimonadaceae","g__","s__"
"OTU987","k__Bacteria","p__Gemmatimonadetes","c__Gemmatimonadetes","o__Gemmatimonadales","f__Gemmatimonadaceae","g__","s__"
"OTU997","k__Bacteria","p__Gemmatimonadetes","c__Gemmatimonadetes","o__Gemmatimonadales","f__Gemmatimonadaceae","g__","s__"
"OTU101","k__Bacteria","p__Rokubacteria","c__NC10","o__Rokubacteriales","f__","g__","s__"
"OTU104","k__Bacteria","p__Rokubacteria","c__NC10","o__Rokubacteriales","f__","g__","s__"
"OTU1065","k__Bacteria","p__Rokubacteria","c__NC10","o__Rokubacteriales","f__","g__","s__"
"OTU1309","k__Bacteria","p__Rokubacteria","c__NC10","o__Rokubacteriales","f__","g__","s__"
"OTU1435","k__Bacteria","p__Rokubacteria","c__NC10","o__Rokubacteriales","f__","g__","s__"
"OTU145","k__Bacteria","p__Rokubacteria","c__NC10","o__Rokubacteriales","f__","g__","s__"
"OTU1533","k__Bacteria","p__Rokubacteria","c__NC10","o__Rokubacteriales","f__","g__","s__"
"OTU162","k__Bacteria","p__Rokubacteria","c__NC10","o__Rokubacteriales","f__","g__","s__"
"OTU215","k__Bacteria","p__Rokubacteria","c__NC10","o__Rokubacteriales","f__","g__","s__"
"OTU2252","k__Bacteria","p__Rokubacteria","c__NC10","o__Rokubacteriales","f__","g__","s__"
"OTU23740","k__Bacteria","p__Rokubacteria","c__NC10","o__Rokubacteriales","f__","g__","s__"
"OTU24319","k__Bacteria","p__Rokubacteria","c__NC10","o__Rokubacteriales","f__","g__","s__"
"OTU32020","k__Bacteria","p__Rokubacteria","c__NC10","o__Rokubacteriales","f__","g__","s__"
"OTU372","k__Bacteria","p__Rokubacteria","c__NC10","o__Rokubacteriales","f__","g__","s__"
"OTU392","k__Bacteria","p__Rokubacteria","c__NC10","o__Rokubacteriales","f__","g__","s__"
"OTU530","k__Bacteria","p__Rokubacteria","c__NC10","o__Rokubacteriales","f__","g__","s__"
"OTU5696","k__Bacteria","p__Rokubacteria","c__NC10","o__Rokubacteriales","f__","g__","s__"
"OTU664","k__Bacteria","p__Rokubacteria","c__NC10","o__Rokubacteriales","f__","g__","s__"
"OTU937","k__Bacteria","p__Rokubacteria","c__NC10","o__Rokubacteriales","f__","g__","s__"
"OTU12171","k__Bacteria","p__Proteobacteria","c__Alphaproteobacteria","o__Sphingomonadales","f__Sphingomonadaceae","g__Sphingomonas","s__"
"OTU14","k__Bacteria","p__Proteobacteria","c__Alphaproteobacteria","o__Sphingomonadales","f__Sphingomonadaceae","g__Sphingomonas","s__"
"OTU1542","k__Bacteria","p__Proteobacteria","c__Alphaproteobacteria","o__Sphingomonadales","f__Sphingomonadaceae","g__Sphingomonas","s__"
"OTU19","k__Bacteria","p__Proteobacteria","c__Alphaproteobacteria","o__Sphingomonadales","f__Sphingomonadaceae","g__Sphingomonas","s__"
"OTU1988","k__Bacteria","p__Proteobacteria","c__Alphaproteobacteria","o__Sphingomonadales","f__Sphingomonadaceae","g__Sphingomonas","s__"
"OTU22010","k__Bacteria","p__Proteobacteria","c__Alphaproteobacteria","o__Sphingomonadales","f__Sphingomonadaceae","g__Sphingomonas","s__Sphingomonas_sp"
"OTU22437","k__Bacteria","p__Proteobacteria","c__Alphaproteobacteria","o__Sphingomonadales","f__Sphingomonadaceae","g__Sphingomonas","s__Sphingomonadaceae_bacterium_ZC8"
"OTU22444","k__Bacteria","p__Proteobacteria","c__Alphaproteobacteria","o__Sphingomonadales","f__Sphingomonadaceae","g__Sphingomonas","s__"
"OTU2329","k__Bacteria","p__Proteobacteria","c__Alphaproteobacteria","o__Sphingomonadales","f__Sphingomonadaceae","g__Sphingomonas","s__"
"OTU2425","k__Bacteria","p__Proteobacteria","c__Alphaproteobacteria","o__Sphingomonadales","f__Sphingomonadaceae","g__Sphingomonas","s__"
"OTU31129","k__Bacteria","p__Proteobacteria","c__Alphaproteobacteria","o__Sphingomonadales","f__Sphingomonadaceae","g__Sphingomonas","s__"
"OTU32660","k__Bacteria","p__Proteobacteria","c__Alphaproteobacteria","o__Sphingomonadales","f__Sphingomonadaceae","g__Sphingomonas","s__"
"OTU3339","k__Bacteria","p__Proteobacteria","c__Alphaproteobacteria","o__Sphingomonadales","f__Sphingomonadaceae","g__Sphingomonas","s__"
"OTU33703","k__Bacteria","p__Proteobacteria","c__Alphaproteobacteria","o__Sphingomonadales","f__Sphingomonadaceae","g__Sphingomonas","s__"
"OTU34634","k__Bacteria","p__Proteobacteria","c__Alphaproteobacteria","o__Sphingomonadales","f__Sphingomonadaceae","g__Sphingomonas","s__"
"OTU36255","k__Bacteria","p__Proteobacteria","c__Alphaproteobacteria","o__Sphingomonadales","f__Sphingomonadaceae","g__Sphingomonas","s__"
"OTU38","k__Bacteria","p__Proteobacteria","c__Alphaproteobacteria","o__Sphingomonadales","f__Sphingomonadaceae","g__Sphingomonas","s__"
"OTU38578","k__Bacteria","p__Proteobacteria","c__Alphaproteobacteria","o__Sphingomonadales","f__Sphingomonadaceae","g__Sphingomonas","s__"
"OTU38749","k__Bacteria","p__Proteobacteria","c__Alphaproteobacteria","o__Sphingomonadales","f__Sphingomonadaceae","g__Sphingomonas","s__"
"OTU39511","k__Bacteria","p__Proteobacteria","c__Alphaproteobacteria","o__Sphingomonadales","f__Sphingomonadaceae","g__Sphingomonas","s__"
"OTU4669","k__Bacteria","p__Proteobacteria","c__Alphaproteobacteria","o__Sphingomonadales","f__Sphingomonadaceae","g__Sphingomonas","s__"
"OTU4875","k__Bacteria","p__Proteobacteria","c__Alphaproteobacteria","o__Sphingomonadales","f__Sphingomonadaceae","g__Sphingomonas","s__"
"OTU517","k__Bacteria","p__Proteobacteria","c__Alphaproteobacteria","o__Sphingomonadales","f__Sphingomonadaceae","g__Sphingomonas","s__"
"OTU708","k__Bacteria","p__Proteobacteria","c__Alphaproteobacteria","o__Sphingomonadales","f__Sphingomonadaceae","g__Sphingomonas","s__"
"OTU9554","k__Bacteria","p__Proteobacteria","c__Alphaproteobacteria","o__Sphingomonadales","f__Sphingomonadaceae","g__Sphingomonas","s__"
"OTU113","k__Bacteria","p__Proteobacteria","c__Gammaproteobacteria","o__Pseudomonadales","f__Moraxellaceae","g__Cavicella","s__"
"OTU124","k__Bacteria","p__Proteobacteria","c__Gammaproteobacteria","o__Pseudomonadales","f__Moraxellaceae","g__Cavicella","s__"
"OTU1337","k__Bacteria","p__Proteobacteria","c__Gammaproteobacteria","o__Pseudomonadales","f__Moraxellaceae","g__Cavicella","s__"
"OTU166","k__Bacteria","p__Proteobacteria","c__Gammaproteobacteria","o__Pseudomonadales","f__Moraxellaceae","g__Cavicella","s__"
"OTU18197","k__Bacteria","p__Proteobacteria","c__Gammaproteobacteria","o__Pseudomonadales","f__Moraxellaceae","g__Cavicella","s__"
"OTU24796","k__Bacteria","p__Proteobacteria","c__Gammaproteobacteria","o__Pseudomonadales","f__Moraxellaceae","g__Cavicella","s__"
"OTU38628","k__Bacteria","p__Proteobacteria","c__Gammaproteobacteria","o__Pseudomonadales","f__Moraxellaceae","g__Cavicella","s__"
"OTU62","k__Bacteria","p__Proteobacteria","c__Gammaproteobacteria","o__Pseudomonadales","f__Moraxellaceae","g__Cavicella","s__"
"OTU131","k__Bacteria","p__Nitrospirae","c__Nitrospira","o__Nitrospirales","f__Nitrospiraceae","g__Nitrospira","s__"
"OTU15","k__Bacteria","p__Nitrospirae","c__Nitrospira","o__Nitrospirales","f__Nitrospiraceae","g__Nitrospira","s__"
"OTU1550","k__Bacteria","p__Nitrospirae","c__Nitrospira","o__Nitrospirales","f__Nitrospiraceae","g__Nitrospira","s__"
"OTU2157","k__Bacteria","p__Nitrospirae","c__Nitrospira","o__Nitrospirales","f__Nitrospiraceae","g__Nitrospira","s__"
"OTU23363","k__Bacteria","p__Nitrospirae","c__Nitrospira","o__Nitrospirales","f__Nitrospiraceae","g__Nitrospira","s__"
"OTU2889","k__Bacteria","p__Nitrospirae","c__Nitrospira","o__Nitrospirales","f__Nitrospiraceae","g__Nitrospira","s__"
"OTU306","k__Bacteria","p__Nitrospirae","c__Nitrospira","o__Nitrospirales","f__Nitrospiraceae","g__Nitrospira","s__Nitrospira_sp"
"OTU307","k__Bacteria","p__Nitrospirae","c__Nitrospira","o__Nitrospirales","f__Nitrospiraceae","g__Nitrospira","s__"
"OTU637","k__Bacteria","p__Nitrospirae","c__Nitrospira","o__Nitrospirales","f__Nitrospiraceae","g__Nitrospira","s__"
"OTU697","k__Bacteria","p__Nitrospirae","c__Nitrospira","o__Nitrospirales","f__Nitrospiraceae","g__Nitrospira","s__"
"OTU793","k__Bacteria","p__Nitrospirae","c__Nitrospira","o__Nitrospirales","f__Nitrospiraceae","g__Nitrospira","s__"
"OTU845","k__Bacteria","p__Nitrospirae","c__Nitrospira","o__Nitrospirales","f__Nitrospiraceae","g__Nitrospira","s__"
"OTU918","k__Bacteria","p__Nitrospirae","c__Nitrospira","o__Nitrospirales","f__Nitrospiraceae","g__Nitrospira","s__Nitrospira_bacterium_SG8_3"
"OTU949","k__Bacteria","p__Nitrospirae","c__Nitrospira","o__Nitrospirales","f__Nitrospiraceae","g__Nitrospira","s__"
"OTU1045","k__Bacteria","p__Bacteroidetes","c__Bacteroidia","o__Bacteroidales","f__Muribaculaceae","g__","s__"
"OTU1140","k__Bacteria","p__Bacteroidetes","c__Bacteroidia","o__Bacteroidales","f__Muribaculaceae","g__","s__"
"OTU1186","k__Bacteria","p__Bacteroidetes","c__Bacteroidia","o__Bacteroidales","f__Muribaculaceae","g__","s__"
"OTU1270","k__Bacteria","p__Bacteroidetes","c__Bacteroidia","o__Bacteroidales","f__Muribaculaceae","g__","s__"
"OTU1413","k__Bacteria","p__Bacteroidetes","c__Bacteroidia","o__Bacteroidales","f__Muribaculaceae","g__","s__"
"OTU1439","k__Bacteria","p__Bacteroidetes","c__Bacteroidia","o__Bacteroidales","f__Muribaculaceae","g__","s__"
"OTU1462","k__Bacteria","p__Bacteroidetes","c__Bacteroidia","o__Bacteroidales","f__Muribaculaceae","g__","s__"
"OTU1517","k__Bacteria","p__Bacteroidetes","c__Bacteroidia","o__Bacteroidales","f__Muribaculaceae","g__","s__"
"OTU172","k__Bacteria","p__Bacteroidetes","c__Bacteroidia","o__Bacteroidales","f__Muribaculaceae","g__","s__"
"OTU1950","k__Bacteria","p__Bacteroidetes","c__Bacteroidia","o__Bacteroidales","f__Muribaculaceae","g__","s__"
"OTU32","k__Bacteria","p__Bacteroidetes","c__Bacteroidia","o__Bacteroidales","f__Muribaculaceae","g__","s__"
"OTU329","k__Bacteria","p__Bacteroidetes","c__Bacteroidia","o__Bacteroidales","f__Muribaculaceae","g__","s__"
"OTU3392","k__Bacteria","p__Bacteroidetes","c__Bacteroidia","o__Bacteroidales","f__Muribaculaceae","g__","s__"
"OTU416","k__Bacteria","p__Bacteroidetes","c__Bacteroidia","o__Bacteroidales","f__Muribaculaceae","g__","s__"
"OTU448","k__Bacteria","p__Bacteroidetes","c__Bacteroidia","o__Bacteroidales","f__Muribaculaceae","g__","s__"
"OTU536","k__Bacteria","p__Bacteroidetes","c__Bacteroidia","o__Bacteroidales","f__Muribaculaceae","g__","s__"
"OTU639","k__Bacteria","p__Bacteroidetes","c__Bacteroidia","o__Bacteroidales","f__Muribaculaceae","g__","s__"
"OTU646","k__Bacteria","p__Bacteroidetes","c__Bacteroidia","o__Bacteroidales","f__Muribaculaceae","g__","s__"
"OTU656","k__Bacteria","p__Bacteroidetes","c__Bacteroidia","o__Bacteroidales","f__Muribaculaceae","g__","s__"
"OTU676","k__Bacteria","p__Bacteroidetes","c__Bacteroidia","o__Bacteroidales","f__Muribaculaceae","g__","s__"
"OTU784","k__Bacteria","p__Bacteroidetes","c__Bacteroidia","o__Bacteroidales","f__Muribaculaceae","g__","s__"
"OTU888","k__Bacteria","p__Bacteroidetes","c__Bacteroidia","o__Bacteroidales","f__Muribaculaceae","g__","s__"
"OTU912","k__Bacteria","p__Bacteroidetes","c__Bacteroidia","o__Bacteroidales","f__Muribaculaceae","g__","s__"
"OTU913","k__Bacteria","p__Bacteroidetes","c__Bacteroidia","o__Bacteroidales","f__Muribaculaceae","g__","s__"
"OTU922","k__Bacteria","p__Bacteroidetes","c__Bacteroidia","o__Bacteroidales","f__Muribaculaceae","g__","s__"
"OTU929","k__Bacteria","p__Bacteroidetes","c__Bacteroidia","o__Bacteroidales","f__Muribaculaceae","g__","s__"
"OTU1055","k__Bacteria","p__Firmicutes","c__Clostridia","o__Clostridiales","f__Lachnospiraceae","g__","s__"
"OTU1135","k__Bacteria","p__Firmicutes","c__Clostridia","o__Clostridiales","f__Lachnospiraceae","g__","s__"
"OTU125","k__Bacteria","p__Firmicutes","c__Clostridia","o__Clostridiales","f__Lachnospiraceae","g__","s__"
"OTU1273","k__Bacteria","p__Firmicutes","c__Clostridia","o__Clostridiales","f__Lachnospiraceae","g__","s__"
"OTU136","k__Bacteria","p__Firmicutes","c__Clostridia","o__Clostridiales","f__Lachnospiraceae","g__","s__"
"OTU144","k__Bacteria","p__Firmicutes","c__Clostridia","o__Clostridiales","f__Lachnospiraceae","g__","s__"
"OTU1539","k__Bacteria","p__Firmicutes","c__Clostridia","o__Clostridiales","f__Lachnospiraceae","g__","s__"
"OTU1562","k__Bacteria","p__Firmicutes","c__Clostridia","o__Clostridiales","f__Lachnospiraceae","g__","s__"
"OTU17298","k__Bacteria","p__Firmicutes","c__Clostridia","o__Clostridiales","f__Lachnospiraceae","g__","s__"
"OTU1757","k__Bacteria","p__Firmicutes","c__Clostridia","o__Clostridiales","f__Lachnospiraceae","g__","s__"
"OTU18850","k__Bacteria","p__Firmicutes","c__Clostridia","o__Clostridiales","f__Lachnospiraceae","g__","s__"
"OTU1935","k__Bacteria","p__Firmicutes","c__Clostridia","o__Clostridiales","f__Lachnospiraceae","g__","s__"
"OTU22366","k__Bacteria","p__Firmicutes","c__Clostridia","o__Clostridiales","f__Lachnospiraceae","g__","s__"
"OTU23277","k__Bacteria","p__Firmicutes","c__Clostridia","o__Clostridiales","f__Lachnospiraceae","g__","s__"
"OTU2392","k__Bacteria","p__Firmicutes","c__Clostridia","o__Clostridiales","f__Lachnospiraceae","g__","s__"
"OTU3946","k__Bacteria","p__Firmicutes","c__Clostridia","o__Clostridiales","f__Lachnospiraceae","g__","s__"
"OTU400","k__Bacteria","p__Firmicutes","c__Clostridia","o__Clostridiales","f__Lachnospiraceae","g__","s__"
"OTU41332","k__Bacteria","p__Firmicutes","c__Clostridia","o__Clostridiales","f__Lachnospiraceae","g__","s__"
"OTU44139","k__Bacteria","p__Firmicutes","c__Clostridia","o__Clostridiales","f__Lachnospiraceae","g__","s__"
"OTU520","k__Bacteria","p__Firmicutes","c__Clostridia","o__Clostridiales","f__Lachnospiraceae","g__","s__"
"OTU57","k__Bacteria","p__Firmicutes","c__Clostridia","o__Clostridiales","f__Lachnospiraceae","g__","s__"
"OTU636","k__Bacteria","p__Firmicutes","c__Clostridia","o__Clostridiales","f__Lachnospiraceae","g__","s__"
"OTU726","k__Bacteria","p__Firmicutes","c__Clostridia","o__Clostridiales","f__Lachnospiraceae","g__","s__"
"OTU736","k__Bacteria","p__Firmicutes","c__Clostridia","o__Clostridiales","f__Lachnospiraceae","g__","s__"
"OTU801","k__Bacteria","p__Firmicutes","c__Clostridia","o__Clostridiales","f__Lachnospiraceae","g__","s__"
"OTU810","k__Bacteria","p__Firmicutes","c__Clostridia","o__Clostridiales","f__Lachnospiraceae","g__","s__"
"OTU832","k__Bacteria","p__Firmicutes","c__Clostridia","o__Clostridiales","f__Lachnospiraceae","g__","s__"
"OTU965","k__Bacteria","p__Firmicutes","c__Clostridia","o__Clostridiales","f__Lachnospiraceae","g__","s__"
"OTU968","k__Bacteria","p__Firmicutes","c__Clostridia","o__Clostridiales","f__Lachnospiraceae","g__","s__"
"OTU995","k__Bacteria","p__Firmicutes","c__Clostridia","o__Clostridiales","f__Lachnospiraceae","g__","s__"
"OTU116","k__Bacteria","p__Proteobacteria","c__Gammaproteobacteria","o__Betaproteobacteriales","f__Nitrosomonadaceae","g__MND1","s__"
"OTU127","k__Bacteria","p__Proteobacteria","c__Gammaproteobacteria","o__Betaproteobacteriales","f__Nitrosomonadaceae","g__MND1","s__"
"OTU1291","k__Bacteria","p__Proteobacteria","c__Gammaproteobacteria","o__Betaproteobacteriales","f__Nitrosomonadaceae","g__MND1","s__"
"OTU13743","k__Bacteria","p__Proteobacteria","c__Gammaproteobacteria","o__Betaproteobacteriales","f__Nitrosomonadaceae","g__MND1","s__"
"OTU17465","k__Bacteria","p__Proteobacteria","c__Gammaproteobacteria","o__Betaproteobacteriales","f__Nitrosomonadaceae","g__MND1","s__"
"OTU17492","k__Bacteria","p__Proteobacteria","c__Gammaproteobacteria","o__Betaproteobacteriales","f__Nitrosomonadaceae","g__MND1","s__"
"OTU2301","k__Bacteria","p__Proteobacteria","c__Gammaproteobacteria","o__Betaproteobacteriales","f__Nitrosomonadaceae","g__MND1","s__"
"OTU23560","k__Bacteria","p__Proteobacteria","c__Gammaproteobacteria","o__Betaproteobacteriales","f__Nitrosomonadaceae","g__MND1","s__"
"OTU2768","k__Bacteria","p__Proteobacteria","c__Gammaproteobacteria","o__Betaproteobacteriales","f__Nitrosomonadaceae","g__MND1","s__"
"OTU27924","k__Bacteria","p__Proteobacteria","c__Gammaproteobacteria","o__Betaproteobacteriales","f__Nitrosomonadaceae","g__MND1","s__"
"OTU28276","k__Bacteria","p__Proteobacteria","c__Gammaproteobacteria","o__Betaproteobacteriales","f__Nitrosomonadaceae","g__MND1","s__"
"OTU3161","k__Bacteria","p__Proteobacteria","c__Gammaproteobacteria","o__Betaproteobacteriales","f__Nitrosomonadaceae","g__MND1","s__"
"OTU35588","k__Bacteria","p__Proteobacteria","c__Gammaproteobacteria","o__Betaproteobacteriales","f__Nitrosomonadaceae","g__MND1","s__"
"OTU386","k__Bacteria","p__Proteobacteria","c__Gammaproteobacteria","o__Betaproteobacteriales","f__Nitrosomonadaceae","g__MND1","s__"
"OTU39863","k__Bacteria","p__Proteobacteria","c__Gammaproteobacteria","o__Betaproteobacteriales","f__Nitrosomonadaceae","g__MND1","s__"
"OTU4004","k__Bacteria","p__Proteobacteria","c__Gammaproteobacteria","o__Betaproteobacteriales","f__Nitrosomonadaceae","g__MND1","s__"
"OTU43223","k__Bacteria","p__Proteobacteria","c__Gammaproteobacteria","o__Betaproteobacteriales","f__Nitrosomonadaceae","g__MND1","s__"
"OTU4380","k__Bacteria","p__Proteobacteria","c__Gammaproteobacteria","o__Betaproteobacteriales","f__Nitrosomonadaceae","g__MND1","s__"
"OTU557","k__Bacteria","p__Proteobacteria","c__Gammaproteobacteria","o__Betaproteobacteriales","f__Nitrosomonadaceae","g__MND1","s__"
"OTU710","k__Bacteria","p__Proteobacteria","c__Gammaproteobacteria","o__Betaproteobacteriales","f__Nitrosomonadaceae","g__MND1","s__"
"OTU828","k__Bacteria","p__Proteobacteria","c__Gammaproteobacteria","o__Betaproteobacteriales","f__Nitrosomonadaceae","g__MND1","s__"
"OTU954","k__Bacteria","p__Proteobacteria","c__Gammaproteobacteria","o__Betaproteobacteriales","f__Nitrosomonadaceae","g__MND1","s__"
"OTU955","k__Bacteria","p__Proteobacteria","c__Gammaproteobacteria","o__Betaproteobacteriales","f__Nitrosomonadaceae","g__MND1","s__"
"OTU1280","k__Bacteria","p__Gemmatimonadetes","c__Gemmatimonadetes","o__Gemmatimonadales","f__Gemmatimonadaceae","g__Gemmatimonas","s__"
"OTU140","k__Bacteria","p__Gemmatimonadetes","c__Gemmatimonadetes","o__Gemmatimonadales","f__Gemmatimonadaceae","g__Gemmatimonas","s__"
"OTU141","k__Bacteria","p__Gemmatimonadetes","c__Gemmatimonadetes","o__Gemmatimonadales","f__Gemmatimonadaceae","g__Gemmatimonas","s__"
"OTU1510","k__Bacteria","p__Gemmatimonadetes","c__Gemmatimonadetes","o__Gemmatimonadales","f__Gemmatimonadaceae","g__Gemmatimonas","s__"
"OTU1585","k__Bacteria","p__Gemmatimonadetes","c__Gemmatimonadetes","o__Gemmatimonadales","f__Gemmatimonadaceae","g__Gemmatimonas","s__"
"OTU1703","k__Bacteria","p__Gemmatimonadetes","c__Gemmatimonadetes","o__Gemmatimonadales","f__Gemmatimonadaceae","g__Gemmatimonas","s__"
"OTU2388","k__Bacteria","p__Gemmatimonadetes","c__Gemmatimonadetes","o__Gemmatimonadales","f__Gemmatimonadaceae","g__Gemmatimonas","s__Gemmatimonadetes_bacterium_Ellin7146"
"OTU240","k__Bacteria","p__Gemmatimonadetes","c__Gemmatimonadetes","o__Gemmatimonadales","f__Gemmatimonadaceae","g__Gemmatimonas","s__"
"OTU315","k__Bacteria","p__Gemmatimonadetes","c__Gemmatimonadetes","o__Gemmatimonadales","f__Gemmatimonadaceae","g__Gemmatimonas","s__"
"OTU3526","k__Bacteria","p__Gemmatimonadetes","c__Gemmatimonadetes","o__Gemmatimonadales","f__Gemmatimonadaceae","g__Gemmatimonas","s__"
"OTU368","k__Bacteria","p__Gemmatimonadetes","c__Gemmatimonadetes","o__Gemmatimonadales","f__Gemmatimonadaceae","g__Gemmatimonas","s__"
"OTU539","k__Bacteria","p__Gemmatimonadetes","c__Gemmatimonadetes","o__Gemmatimonadales","f__Gemmatimonadaceae","g__Gemmatimonas","s__"
"OTU556","k__Bacteria","p__Gemmatimonadetes","c__Gemmatimonadetes","o__Gemmatimonadales","f__Gemmatimonadaceae","g__Gemmatimonas","s__"
"OTU584","k__Bacteria","p__Gemmatimonadetes","c__Gemmatimonadetes","o__Gemmatimonadales","f__Gemmatimonadaceae","g__Gemmatimonas","s__"
"OTU604","k__Bacteria","p__Gemmatimonadetes","c__Gemmatimonadetes","o__Gemmatimonadales","f__Gemmatimonadaceae","g__Gemmatimonas","s__"
"OTU654","k__Bacteria","p__Gemmatimonadetes","c__Gemmatimonadetes","o__Gemmatimonadales","f__Gemmatimonadaceae","g__Gemmatimonas","s__"
"OTU771","k__Bacteria","p__Gemmatimonadetes","c__Gemmatimonadetes","o__Gemmatimonadales","f__Gemmatimonadaceae","g__Gemmatimonas","s__"
"OTU814","k__Bacteria","p__Gemmatimonadetes","c__Gemmatimonadetes","o__Gemmatimonadales","f__Gemmatimonadaceae","g__Gemmatimonas","s__Gemmatimonadaceae_bacterium_LWQ133"
"OTU850","k__Bacteria","p__Gemmatimonadetes","c__Gemmatimonadetes","o__Gemmatimonadales","f__Gemmatimonadaceae","g__Gemmatimonas","s__"
"OTU901","k__Bacteria","p__Gemmatimonadetes","c__Gemmatimonadetes","o__Gemmatimonadales","f__Gemmatimonadaceae","g__Gemmatimonas","s__"
"OTU941","k__Bacteria","p__Gemmatimonadetes","c__Gemmatimonadetes","o__Gemmatimonadales","f__Gemmatimonadaceae","g__Gemmatimonas","s__"
"OTU14861","k__Bacteria","p__Proteobacteria","c__Gammaproteobacteria","o__Enterobacteriales","f__Enterobacteriaceae","g__","s__"
"OTU30228","k__Bacteria","p__Proteobacteria","c__Gammaproteobacteria","o__Enterobacteriales","f__Enterobacteriaceae","g__","s__"
"OTU35138","k__Bacteria","p__Proteobacteria","c__Gammaproteobacteria","o__Enterobacteriales","f__Enterobacteriaceae","g__","s__"
"OTU35538","k__Bacteria","p__Proteobacteria","c__Gammaproteobacteria","o__Enterobacteriales","f__Enterobacteriaceae","g__","s__"
"OTU50","k__Bacteria","p__Proteobacteria","c__Gammaproteobacteria","o__Enterobacteriales","f__Enterobacteriaceae","g__","s__"
"OTU554","k__Bacteria","p__Proteobacteria","c__Gammaproteobacteria","o__Enterobacteriales","f__Enterobacteriaceae","g__","s__"
"OTU8856","k__Bacteria","p__Proteobacteria","c__Gammaproteobacteria","o__Enterobacteriales","f__Enterobacteriaceae","g__","s__"
"OTU110","k__Bacteria","p__Firmicutes","c__Bacilli","o__Bacillales","f__Bacillaceae","g__Bacillus","s__"
"OTU148","k__Bacteria","p__Firmicutes","c__Bacilli","o__Bacillales","f__Bacillaceae","g__Bacillus","s__"
"OTU1718","k__Bacteria","p__Firmicutes","c__Bacilli","o__Bacillales","f__Bacillaceae","g__Bacillus","s__"
"OTU177","k__Bacteria","p__Firmicutes","c__Bacilli","o__Bacillales","f__Bacillaceae","g__Bacillus","s__"
"OTU20038","k__Bacteria","p__Firmicutes","c__Bacilli","o__Bacillales","f__Bacillaceae","g__Bacillus","s__"
"OTU25604","k__Bacteria","p__Firmicutes","c__Bacilli","o__Bacillales","f__Bacillaceae","g__Bacillus","s__"
"OTU2846","k__Bacteria","p__Firmicutes","c__Bacilli","o__Bacillales","f__Bacillaceae","g__Bacillus","s__"
"OTU3109","k__Bacteria","p__Firmicutes","c__Bacilli","o__Bacillales","f__Bacillaceae","g__Bacillus","s__Bacillus_alkalitelluris"
"OTU31528","k__Bacteria","p__Firmicutes","c__Bacilli","o__Bacillales","f__Bacillaceae","g__Bacillus","s__"
"OTU32305","k__Bacteria","p__Firmicutes","c__Bacilli","o__Bacillales","f__Bacillaceae","g__Bacillus","s__"
"OTU33661","k__Bacteria","p__Firmicutes","c__Bacilli","o__Bacillales","f__Bacillaceae","g__Bacillus","s__"
"OTU340","k__Bacteria","p__Firmicutes","c__Bacilli","o__Bacillales","f__Bacillaceae","g__Bacillus","s__"
"OTU43244","k__Bacteria","p__Firmicutes","c__Bacilli","o__Bacillales","f__Bacillaceae","g__Bacillus","s__"
"OTU579","k__Bacteria","p__Firmicutes","c__Bacilli","o__Bacillales","f__Bacillaceae","g__Bacillus","s__"
"OTU631","k__Bacteria","p__Firmicutes","c__Bacilli","o__Bacillales","f__Bacillaceae","g__Bacillus","s__"
"OTU707","k__Bacteria","p__Firmicutes","c__Bacilli","o__Bacillales","f__Bacillaceae","g__Bacillus","s__Bacillus_endophyticus"
"OTU889","k__Bacteria","p__Firmicutes","c__Bacilli","o__Bacillales","f__Bacillaceae","g__Bacillus","s__Bacillus_cohnii"
"OTU1011","k__Bacteria","p__Gemmatimonadetes","c__S0134_terrestrial_group","o__","f__","g__","s__"
"OTU1018","k__Bacteria","p__Gemmatimonadetes","c__S0134_terrestrial_group","o__","f__","g__","s__"
"OTU1036","k__Bacteria","p__Gemmatimonadetes","c__S0134_terrestrial_group","o__","f__","g__","s__"
"OTU1037","k__Bacteria","p__Gemmatimonadetes","c__S0134_terrestrial_group","o__","f__","g__","s__"
"OTU1086","k__Bacteria","p__Gemmatimonadetes","c__S0134_terrestrial_group","o__","f__","g__","s__"
"OTU1342","k__Bacteria","p__Gemmatimonadetes","c__S0134_terrestrial_group","o__","f__","g__","s__"
"OTU1547","k__Bacteria","p__Gemmatimonadetes","c__S0134_terrestrial_group","o__","f__","g__","s__"
"OTU1575","k__Bacteria","p__Gemmatimonadetes","c__S0134_terrestrial_group","o__","f__","g__","s__"
"OTU212","k__Bacteria","p__Gemmatimonadetes","c__S0134_terrestrial_group","o__","f__","g__","s__"
"OTU21759","k__Bacteria","p__Gemmatimonadetes","c__S0134_terrestrial_group","o__","f__","g__","s__"
"OTU2216","k__Bacteria","p__Gemmatimonadetes","c__S0134_terrestrial_group","o__","f__","g__","s__"
"OTU228","k__Bacteria","p__Gemmatimonadetes","c__S0134_terrestrial_group","o__","f__","g__","s__"
"OTU279","k__Bacteria","p__Gemmatimonadetes","c__S0134_terrestrial_group","o__","f__","g__","s__"
"OTU33325","k__Bacteria","p__Gemmatimonadetes","c__S0134_terrestrial_group","o__","f__","g__","s__"
"OTU4465","k__Bacteria","p__Gemmatimonadetes","c__S0134_terrestrial_group","o__","f__","g__","s__"
"OTU615","k__Bacteria","p__Gemmatimonadetes","c__S0134_terrestrial_group","o__","f__","g__","s__"
"OTU699","k__Bacteria","p__Gemmatimonadetes","c__S0134_terrestrial_group","o__","f__","g__","s__"
"OTU742","k__Bacteria","p__Gemmatimonadetes","c__S0134_terrestrial_group","o__","f__","g__","s__"
"OTU839","k__Bacteria","p__Gemmatimonadetes","c__S0134_terrestrial_group","o__","f__","g__","s__"
"OTU851","k__Bacteria","p__Gemmatimonadetes","c__S0134_terrestrial_group","o__","f__","g__","s__"
"OTU852","k__Bacteria","p__Gemmatimonadetes","c__S0134_terrestrial_group","o__","f__","g__","s__"
"OTU1015","k__Bacteria","p__Proteobacteria","c__Deltaproteobacteria","o__Myxococcales","f__Haliangiaceae","g__Haliangium","s__"
"OTU1078","k__Bacteria","p__Proteobacteria","c__Deltaproteobacteria","o__Myxococcales","f__Haliangiaceae","g__Haliangium","s__"
"OTU1137","k__Bacteria","p__Proteobacteria","c__Deltaproteobacteria","o__Myxococcales","f__Haliangiaceae","g__Haliangium","s__"
"OTU12077","k__Bacteria","p__Proteobacteria","c__Deltaproteobacteria","o__Myxococcales","f__Haliangiaceae","g__Haliangium","s__"
"OTU1261","k__Bacteria","p__Proteobacteria","c__Deltaproteobacteria","o__Myxococcales","f__Haliangiaceae","g__Haliangium","s__"
"OTU1271","k__Bacteria","p__Proteobacteria","c__Deltaproteobacteria","o__Myxococcales","f__Haliangiaceae","g__Haliangium","s__"
"OTU1312","k__Bacteria","p__Proteobacteria","c__Deltaproteobacteria","o__Myxococcales","f__Haliangiaceae","g__Haliangium","s__"
"OTU13840","k__Bacteria","p__Proteobacteria","c__Deltaproteobacteria","o__Myxococcales","f__Haliangiaceae","g__Haliangium","s__"
"OTU1634","k__Bacteria","p__Proteobacteria","c__Deltaproteobacteria","o__Myxococcales","f__Haliangiaceae","g__Haliangium","s__"
"OTU1713","k__Bacteria","p__Proteobacteria","c__Deltaproteobacteria","o__Myxococcales","f__Haliangiaceae","g__Haliangium","s__"
"OTU1736","k__Bacteria","p__Proteobacteria","c__Deltaproteobacteria","o__Myxococcales","f__Haliangiaceae","g__Haliangium","s__"
"OTU1792","k__Bacteria","p__Proteobacteria","c__Deltaproteobacteria","o__Myxococcales","f__Haliangiaceae","g__Haliangium","s__"
"OTU1987","k__Bacteria","p__Proteobacteria","c__Deltaproteobacteria","o__Myxococcales","f__Haliangiaceae","g__Haliangium","s__"
"OTU21185","k__Bacteria","p__Proteobacteria","c__Deltaproteobacteria","o__Myxococcales","f__Haliangiaceae","g__Haliangium","s__"
"OTU2243","k__Bacteria","p__Proteobacteria","c__Deltaproteobacteria","o__Myxococcales","f__Haliangiaceae","g__Haliangium","s__"
"OTU227","k__Bacteria","p__Proteobacteria","c__Deltaproteobacteria","o__Myxococcales","f__Haliangiaceae","g__Haliangium","s__"
"OTU23767","k__Bacteria","p__Proteobacteria","c__Deltaproteobacteria","o__Myxococcales","f__Haliangiaceae","g__Haliangium","s__"
"OTU24018","k__Bacteria","p__Proteobacteria","c__Deltaproteobacteria","o__Myxococcales","f__Haliangiaceae","g__Haliangium","s__"
"OTU27796","k__Bacteria","p__Proteobacteria","c__Deltaproteobacteria","o__Myxococcales","f__Haliangiaceae","g__Haliangium","s__"
"OTU2856","k__Bacteria","p__Proteobacteria","c__Deltaproteobacteria","o__Myxococcales","f__Haliangiaceae","g__Haliangium","s__"
"OTU303","k__Bacteria","p__Proteobacteria","c__Deltaproteobacteria","o__Myxococcales","f__Haliangiaceae","g__Haliangium","s__"
"OTU3043","k__Bacteria","p__Proteobacteria","c__Deltaproteobacteria","o__Myxococcales","f__Haliangiaceae","g__Haliangium","s__"
"OTU3286","k__Bacteria","p__Proteobacteria","c__Deltaproteobacteria","o__Myxococcales","f__Haliangiaceae","g__Haliangium","s__"
"OTU34624","k__Bacteria","p__Proteobacteria","c__Deltaproteobacteria","o__Myxococcales","f__Haliangiaceae","g__Haliangium","s__"
"OTU36377","k__Bacteria","p__Proteobacteria","c__Deltaproteobacteria","o__Myxococcales","f__Haliangiaceae","g__Haliangium","s__"
"OTU3680","k__Bacteria","p__Proteobacteria","c__Deltaproteobacteria","o__Myxococcales","f__Haliangiaceae","g__Haliangium","s__"
"OTU373","k__Bacteria","p__Proteobacteria","c__Deltaproteobacteria","o__Myxococcales","f__Haliangiaceae","g__Haliangium","s__"
"OTU3893","k__Bacteria","p__Proteobacteria","c__Deltaproteobacteria","o__Myxococcales","f__Haliangiaceae","g__Haliangium","s__"
"OTU425","k__Bacteria","p__Proteobacteria","c__Deltaproteobacteria","o__Myxococcales","f__Haliangiaceae","g__Haliangium","s__"
"OTU453","k__Bacteria","p__Proteobacteria","c__Deltaproteobacteria","o__Myxococcales","f__Haliangiaceae","g__Haliangium","s__"
"OTU518","k__Bacteria","p__Proteobacteria","c__Deltaproteobacteria","o__Myxococcales","f__Haliangiaceae","g__Haliangium","s__"
"OTU644","k__Bacteria","p__Proteobacteria","c__Deltaproteobacteria","o__Myxococcales","f__Haliangiaceae","g__Haliangium","s__myxobacterium_AT3-03"
"OTU816","k__Bacteria","p__Proteobacteria","c__Deltaproteobacteria","o__Myxococcales","f__Haliangiaceae","g__Haliangium","s__"
"OTU859","k__Bacteria","p__Proteobacteria","c__Deltaproteobacteria","o__Myxococcales","f__Haliangiaceae","g__Haliangium","s__"
"OTU11","k__Bacteria","p__Actinobacteria","c__Coriobacteriia","o__Coriobacteriales","f__Atopobiaceae","g__","s__"
